{
    "Distribucion_Canales": {
        "Red": {
            "mean": 0.4913996756076813,
            "std": 0.24703222513198853,
            "min": 0.0,
            "max": 1.0
        },
        "Green": {
            "mean": 0.48215845227241516,
            "std": 0.24348513782024384,
            "min": 0.0,
            "max": 1.0
        },
        "Blue": {
            "mean": 0.44653090834617615,
            "std": 0.26158785820007324,
            "min": 0.0,
            "max": 1.0
        }
    },
    "Dispersion_Intra_Clase": {
        "airplane": {
            "distancia_media_al_centroide": 13.11731672819235,
            "desviacion_estandar_distancia": 3.816656579484066
        },
        "automobile": {
            "distancia_media_al_centroide": 14.212173153063466,
            "desviacion_estandar_distancia": 3.107294693275464
        },
        "bird": {
            "distancia_media_al_centroide": 12.0843109953253,
            "desviacion_estandar_distancia": 3.9924822236281554
        },
        "cat": {
            "distancia_media_al_centroide": 13.701642151949223,
            "desviacion_estandar_distancia": 3.503027230086173
        },
        "deer": {
            "distancia_media_al_centroide": 11.157042640512365,
            "desviacion_estandar_distancia": 3.4834891323528527
        },
        "dog": {
            "distancia_media_al_centroide": 13.239735424302765,
            "desviacion_estandar_distancia": 3.220398355315469
        },
        "frog": {
            "distancia_media_al_centroide": 11.706537822347867,
            "desviacion_estandar_distancia": 3.7481942027991213
        },
        "horse": {
            "distancia_media_al_centroide": 13.09872187237436,
            "desviacion_estandar_distancia": 3.1406327442063233
        },
        "ship": {
            "distancia_media_al_centroide": 12.383854977829456,
            "desviacion_estandar_distancia": 3.4510172093751
        },
        "truck": {
            "distancia_media_al_centroide": 13.640242460664519,
            "desviacion_estandar_distancia": 2.673962811196571
        }
    }
}